SMILES,Yield_CO_s,Yield_CO_l,Yield_CO_cl,Yield_CA,Yield_CS,Yield_CN
N#CC1=C(N2C(C=CC=C3)=C3C4=C2C=CC=C4)C(N5C(C=CC=C6)=C6C7=C5C=CC=C7)=C(N8C(C=CC=C9)=C9C%10=C8C=CC=C%10)C(C#N)=C1N%11C(C=CC=C%12)=C%12C%13=C%11C=CC=C%13,62,92,41,74,99,95
N#CC1=C(N2C(C=CC(C(C)(C)C)=C3)=C3C4=C2C=CC(C(C)(C)C)=C4)C(N5C(C=CC(C(C)(C)C)=C6)=C6C7=C5C=CC(C(C)(C)C)=C7)=C(N8C(C=CC(C(C)(C)C)=C9)=C9C%10=C8C=CC(C(C)(C)C)=C%10)C(C#N)=C1N%11C(C=CC(C(C)(C)C)=C%12)=C%12C%13=C%11C=CC(C(C)(C)C)=C%13,83,94,62,47,45,98
N#CC1=C(N2C(C=CC(C)=C3)=C3C4=C2C=CC(C)=C4)C(N5C(C=CC(C)=C6)=C6C7=C5C=CC(C)=C7)=C(N8C(C=CC(C)=C9)=C9C%10=C8C=CC(C)=C%10)C(C#N)=C1N%11C(C=CC(C)=C%12)=C%12C%13=C%11C=CC(C)=C%13,73,92,40,37,23,97
BrC1=CC(C2=C3C=CC(Br)=C2)=C(C=C1)N3C(C(C#N)=C(N4C(C=CC(Br)=C5)=C5C6=C4C=CC(Br)=C6)C(N7C(C=CC(Br)=C8)=C8C9=C7C=CC(Br)=C9)=C%10N%11C(C=CC(Br)=C%12)=C%12C%13=C%11C=CC(Br)=C%13)=C%10C#N,69,94,35,55,98,10
N#CC1=C(N2C(C=CC(OC)=C3)=C3C4=C2C=CC(OC)=C4)C(N5C(C=CC(OC)=C6)=C6C7=C5C=CC(OC)=C7)=C(N8C(C=CC(OC)=C9)=C9C%10=C8C=CC(OC)=C%10)C(C#N)=C1N%11C(C=CC(OC)=C%12)=C%12C%13=C%11C=CC(OC)=C%13,33,87,24,0,0,33
N#CC1=C(N2C(C=CC(C3=CC=CC=C3)=C4)=C4C5=C2C=CC(C6=CC=CC=C6)=C5)C(N7C(C=CC(C8=CC=CC=C8)=C9)=C9C%10=C7C=CC(C%11=CC=CC=C%11)=C%10)=C(N%12C(C=CC(C%13=CC=CC=C%13)=C%14)=C%14C%15=C%12C=CC(C%16=CC=CC=C%16)=C%15)C(C#N)=C1N%17C(C=CC(C%18=CC=CC=C%18)=C%19)=C%19C%20=C%17C=CC(C%21=CC=CC=C%21)=C%20,73,94,41,22,36,71
N#CC1=C(C(N(C2=CC=CC=C2)C3=CC=CC=C3)=C(C(C#N)=C1N(C4=CC=CC=C4)C5=CC=CC=C5)N(C6=CC=CC=C6)C7=CC=CC=C7)N(C8=CC=CC=C8)C9=CC=CC=C9,88,88,63,74,98,95
N#CC1=C(N(C2=CC=C(C=C2)C(C)(C)C)C3=CC=C(C=C3)C(C)(C)C)C(N(C4=CC=C(C=C4)C(C)(C)C)C5=CC=C(C=C5)C(C)(C)C)=C(N(C6=CC=C(C=C6)C(C)(C)C)C7=CC=C(C=C7)C(C)(C)C)C(C#N)=C1N(C8=CC=C(C=C8)C(C)(C)C)C9=CC=C(C=C9)C(C)(C)C,49,49,54,17,98,28
N#CC1=C(N(C2=CC=C(C=C2)C)C3=CC=C(C=C3)C)C(N(C4=CC=C(C=C4)C)C5=CC=C(C=C5)C)=C(N(C6=CC=C(C=C6)C)C7=CC=C(C=C7)C)C(C#N)=C1N(C8=CC=C(C=C8)C)C9=CC=C(C=C9)C,73,74,57,29,99,39
FC(C=C1)=CC=C1N(C2=CC=C(F)C=C2)C(C(C#N)=C(N(C3=CC=C(F)C=C3)C4=CC=C(F)C=C4)C(N(C5=CC=C(F)C=C5)C6=CC=C(F)C=C6)=C7N(C8=CC=C(F)C=C8)C9=CC=C(F)C=C9)=C7C#N,89,89,70,71,97,80
ClC(C=C1)=CC=C1N(C2=CC=C(Cl)C=C2)C(C(C#N)=C(N(C3=CC=C(Cl)C=C3)C4=CC=C(Cl)C=C4)C(N(C5=CC=C(Cl)C=C5)C6=CC=C(Cl)C=C6)=C7N(C8=CC=C(Cl)C=C8)C9=CC=C(Cl)C=C9)=C7C#N,91,91,66,78,99,98
BrC(C=C1)=CC=C1N(C2=CC=C(Br)C=C2)C(C(C#N)=C(N(C3=CC=C(Br)C=C3)C4=CC=C(Br)C=C4)C(N(C5=CC=C(Br)C=C5)C6=CC=C(Br)C=C6)=C7N(C8=CC=C(Br)C=C8)C9=CC=C(Br)C=C9)=C7C#N,92,92,58,74,99,97
ClC1=C(N2C(C=CC=C3)=C3C4=C2C=CC=C4)C(C#N)=C(N5C(C=CC=C6)=C6C7=C5C=CC=C7)C(C#N)=C1N8C(C=CC=C9)=C9C%10=C8C=CC=C%10,31,92,34,75,63,50
ClC1=C(N2C(C=CC(C(C)(C)C)=C3)=C3C4=C2C=CC(C(C)(C)C)=C4)C(C#N)=C(N5C(C=CC(C(C)(C)C)=C6)=C6C7=C5C=CC(C(C)(C)C)=C7)C(C#N)=C1N8C(C=CC(C(C)(C)C)=C9)=C9C%10=C8C=CC(C(C)(C)C)=C%10,70,89,55,49,56,76
ClC1=C(N2C(C=CC(OC)=C3)=C3C4=C2C=CC(OC)=C4)C(C#N)=C(N5C(C=CC(OC)=C6)=C6C7=C5C=CC(OC)=C7)C(C#N)=C1N8C(C=CC(OC)=C9)=C9C%10=C8C=CC(OC)=C%10,5,85,27,0,0,35
N#CC1=C(C(N2C(C=CC=C3)=C3C4=C2C=CC=C4)=C(N5C(C=CC=C6)=C6C7=C5C=CC=C7)C(N8C(C=CC=C9)=C9C%10=C8C=CC=C%10)=C1N%11C(C=CC=C%12)=C%12C%13=C%11C=CC=C%13)C#N,51,89,33,58,54,63
N#CC(C(N(C1=CC=CC=C1)C2=CC=CC=C2)=C(C(N(C3=CC=CC=C3)C4=CC=CC=C4)=C5N(C6=CC=CC=C6)C7=CC=CC=C7)N(C8=CC=CC=C8)C9=CC=CC=C9)=C5C#N,91,91,40,6,4,49
N#CC(C(N1C(C=CC=C2)=C2C3=C1C=CC=C3)=C4N5C(C=CC=C6)=C6C7=C5C=CC=C7)=C(N8C(C=CC=C9)=C9C%10=C8C=CC=C%10)C(N%11C(C=CC=C%12)=C%12C%13=C%11C=CC=C%13)=C4C#N,0,75,42,13,9,10
N#CC(C(N(C1=CC=CC=C1)C2=CC=CC=C2)=C(C(C#N)=C3N(C4=CC=CC=C4)C5=CC=CC=C5)N(C6=CC=CC=C6)C7=CC=CC=C7)=C3N(C8=CC=CC=C8)C9=CC=CC=C9,93,93,60,2,13,98
C1(C2=CC=CC=C2)=NC(C3=CC=CC=C3)=NC(C4=CC=C(N5C(C=CC=C6)=C6C7=C5C=CC=C7)C=C4)=N1,16,79,33,1,0,7
CC(C1=CC(C2=C3C=CC(C(C)(C)C)=C2)=C(C=C1)N3C(C=C4)=CC=C4C5=NC(C6=CC=CC=C6)=NC(C7=CC=CC=C7)=N5)(C)C,53,86,38,6,95,92
C1(C2=CC=CC=C2)=NC(C3=CC=CC=C3)=NC(C4=CC=C(C=C4)N(C5=CC=CC=C5)C6=CC=CC=C6)=N1,21,80,34,34,94,99
CC(C(C=C1)=CC=C1N(C2=CC=C(C=C2)C(C)(C)C)C(C=C3)=CC=C3C4=NC(C5=CC=CC=C5)=NC(C6=CC=CC=C6)=N4)(C)C,16,73,30,39,97,82
ClC(C=C1)=CC=C1N(C2=CC=C(Cl)C=C2)C(C=C3)=CC=C3C4=NC(C5=CC=CC=C5)=NC(C6=CC=CC=C6)=N4,46,80,35,11,98,99
BrC(C=C1)=CC=C1N(C2=CC=C(Br)C=C2)C(C=C3)=CC=C3C4=NC(C5=CC=CC=C5)=NC(C6=CC=CC=C6)=N4,42,85,32,24,97,97
COC(C=C1)=CC=C1N(C2=CC=C(C=C2)OC)C(C=C3)=CC=C3C4=NC(C5=CC=CC=C5)=NC(C6=CC=CC=C6)=N4,2,59,30,12,32,4
C1(C2=CC=CC=C2)=NC(C3=CC=CC=C3)=NC(C4=CC=C(N(C5=CC=C(C6=CC=CC=C6)C=C5)C7=CC=C(C8=CC=CC=C8)C=C7)C=C4)=N1,38,79,34,26,97,85
N(C1=C2C=CC=C1)(C3=CC=CC=C3S2)C(C=C4)=CC=C4C5=NC(C6=CC=CC=C6)=NC(C7=CC=CC=C7)=N5,39,87,37,2,11,16
O=C(C1=CC=C(N2C(C=CC=C3)=C3C4=C2C=CC=C4)C=C1)C5=CC=C(N6C(C=CC=C7)=C7C8=C6C=CC=C8)C=C5,0,3,23,2,0,2
O=C(C1=CC=C(C=C1)N(C)C)C2=CC=C(C=C2)N(C)C,0,7,24,0,0,2
O=C(C1=CC=C(C=C1)N(C2=CC=CC=C2)C3=CC=CC=C3)C4=CC=C(C=C4)N(C5=CC=CC=C5)C6=CC=CC=C6,1,39,27,47,9,99
O=C(C1=CC=C(N(C2=CC=C(C=C2)C(C)(C)C)C3=CC=C(C=C3)C(C)(C)C)C=C1)C4=CC=C(N(C5=CC=C(C=C5)C(C)(C)C)C6=CC=C(C=C6)C(C)(C)C)C=C4,2,36,30,51,81,99
O=C(C1=CC=C(N(C2=CC=C(C=C2)C)C3=CC=C(C=C3)C)C=C1)C4=CC=C(N(C5=CC=C(C=C5)C)C6=CC=C(C=C6)C)C=C4,0,29,25,43,54,97
ClC(C=C1)=CC=C1N(C2=CC=C(C=C2)Cl)C(C=C3)=CC=C3C(C4=CC=C(N(C5=CC=C(C=C5)Cl)C6=CC=C(C=C6)Cl)C=C4)=O,1,34,22,47,5,99
BrC(C=C1)=CC=C1N(C2=CC=C(C=C2)Br)C(C=C3)=CC=C3C(C4=CC=C(N(C5=CC=C(C=C5)Br)C6=CC=C(C=C6)Br)C=C4)=O,1,40,19,42,5,99
O=C(C1=CC=C(N(C2=CC=C(C3=CC=CC=C3)C=C2)C4=CC=C(C5=CC=CC=C5)C=C4)C=C1)C6=CC=C(N(C7=CC=C(C8=CC=CC=C8)C=C7)C9=CC=C(C%10=CC=CC=C%10)C=C9)C=C6,3,57,29,58,96,99
N#CC(C=C(N1C(C=CC=C2)=C2C3=C1C=CC=C3)C(N4C(C=CC=C5)=C5C6=C4C=CC=C6)=C7)=C7C#N,23,92,40,24,4,55
N#CC(C=C(N1C(C=CC(C(C)(C)C)=C2)=C2C3=C1C=CC(C(C)(C)C)=C3)C(N4C(C=CC(C(C)(C)C)=C5)=C5C6=C4C=CC(C(C)(C)C)=C6)=C7)=C7C#N,82,92,37,56,10,99
ClC(C=C1)=CC2=C1N(C3=C2C=C(Cl)C=C3)C(C(N4C(C=CC(Cl)=C5)=C5C6=C4C=CC(Cl)=C6)=C7)=CC(C#N)=C7C#N,7,84,30,29,3,23
CC(C(C=C1)=CC=C1N(C2=CC=C(C=C2)C(C)(C)C)C3=C4C(C=CC=C4)=CC=C3)(C)C,0,31,9,0,0,1
C1(N2C(C=CC=C3)=C3OC4=C2C=CC=C4)=C(C=CC=C5)C5=CC=C1,5,62,9,3,10,2
C1(N2C(C=CC(C3=CC=C(C4=CC=CC=C4)C=C3)=C5)=C5OC6=C2C=CC(C7=CC=C(C8=CC=CC=C8)C=C7)=C6)=C(C=CC=C9)C9=CC=C1,3,51,18,62,7,43
C1(N2C(C=CC=C3)=C3SC4=C2C=CC=C4)=C(C=CC=C5)C5=CC=C1,3,61,18,1,2,1
C1(N2C(C=CC(C3=CC=C(C4=CC=CC=C4)C=C3)=C5)=C5SC6=C2C=CC(C7=CC=C(C8=CC=CC=C8)C=C7)=C6)=C(C=CC=C9)C9=CC=C1,10,69,14,76,90,50
FC(C(C=C1)=CC=C1C2=CC(SC3=C4C=CC(C5=CC=C(C=C5)C(F)(F)F)=C3)=C(C=C2)N4C6=C(C=CC=C7)C7=CC=C6)(F)F,11,68,21,49,95,19
C1(N(C2=CC=CC=C2)C3=CC=CC=C3)=CC=C(N(C4=CC=CC=C4)C5=CC=CC=C5)C=C1,0,34,15,0,0,1
C1(N(C2=CC=CC=C2)C3=CC=CC=C3)=C(C=CC=C4)C4=C(N(C5=CC=CC=C5)C6=CC=CC=C6)C=C1,0,38,24,1,4,2
CC(C(C=C1)=CC=C1N(C2=CC=C(C=C2)C(C)(C)C)C3=C4C(C=CC=C4)=C(N(C5=CC=C(C=C5)C(C)(C)C)C6=CC=C(C=C6)C(C)(C)C)C=C3)(C)C,2,35,22,1,53,9
CC(C=C1)=CC=C1N(C2=CC=C(C=C2)C)C3=C4C(C=CC=C4)=C(N(C5=CC=C(C=C5)C)C6=CC=C(C=C6)C)C=C3,0,24,12,1,0,7
C1(C=CC=C2)=C2C(N(C3=CC=CC=C3)C4=CC=CC=C4)=C(C=CC=C5)C5=C1N(C6=CC=CC=C6)C7=CC=CC=C7,4,75,43,0,2,2
CC(C(C=C1)=CC=C1N(C2=CC=C(C=C2)C(C)(C)C)C3=C4C(C=CC=C4)=C(N(C5=CC=C(C=C5)C(C)(C)C)C6=CC=C(C=C6)C(C)(C)C)C7=C3C=CC=C7)(C)C,0,57,28,0,2,1
CC(C=C1)=CC=C1N(C2=CC=C(C=C2)C)C3=C4C(C=CC=C4)=C(N(C5=CC=C(C=C5)C)C6=CC=C(C=C6)C)C7=C3C=CC=C7,1,57,34,0,2,2
COC(C=C1)=CC=C1N(C2=CC=C(C=C2)OC)C3=C4C(C=CC=C4)=C(N(C5=CC=C(C=C5)OC)C6=CC=C(C=C6)OC)C7=C3C=CC=C7,0,9,1,0,0,2
O=[N+](C1=C(N2C(C=CC=C3)=C3C4=C2C=CC=C4)C=C(N5C(C=CC=C6)=C6C7=C5C=CC=C7)C=C1N8C(C=CC=C9)=C9C%10=C8C=CC=C%10)[O-],0,0,0,0,0,0
O=[N+](C(C(N(C1=CC=CC=C1)C2=CC=CC=C2)=CC(N(C3=CC=CC=C3)C4=CC=CC=C4)=C5)=C5N(C6=CC=CC=C6)C7=CC=CC=C7)[O-],0,15,0,2,0,16
CC(C=C1)=CC=C1N(C2=CC=C(C)C=C2)C3=C(C(N(C4=CC=C(C)C=C4)C5=CC=C(C)C=C5)=CC(N(C6=CC=C(C)C=C6)C7=CC=C(C)C=C7)=C3)[N+]([O-])=O,0,0,0,0,0,8
BrC(C=C1)=CC=C1N(C2=CC=C(Br)C=C2)C3=C(C(N(C4=CC=C(Br)C=C4)C5=CC=C(Br)C=C5)=CC(N(C6=CC=C(Br)C=C6)C7=CC=C(Br)C=C7)=C3)[N+]([O-])=O,0,52,9,8,0,5
O=C1C2=C(C=CC(N3C(C=CC=C4)=C4C5=C3C=CC=C5)=C2)C(C6=CC(N7C(C=CC=C8)=C8C9=C7C=CC=C9)=CC=C61)=O,0,0,0,0,0,0
O=C1C2=C(C=CC(N(C3=CC=CC=C3)C4=CC=CC=C4)=C2)C(C5=CC(N(C6=CC=CC=C6)C7=CC=CC=C7)=CC=C51)=O,0,0,0,0,0,0
O=S(C(C=C1)=CC=C1N(C2=CC=CC=C2)C3=CC=CC=C3)(C4=CC=C(C=C4)N(C5=CC=CC=C5)C6=CC=CC=C6)=O,0,1,0,0,0,2
O=S(C1=CC=C(N(C2=CC=C(C=C2)C(C)(C)C)C3=CC=C(C=C3)C(C)(C)C)C=C1)(C4=CC=C(N(C5=CC=C(C=C5)C(C)(C)C)C6=CC=C(C=C6)C(C)(C)C)C=C4)=O,0,28,21,1,0,2
O=S(C1=CC=C(N(C2=CC=C(C=C2)C)C3=CC=C(C=C3)C)C=C1)(C4=CC=C(N(C5=CC=C(C=C5)C)C6=CC=C(C=C6)C)C=C4)=O,0,22,13,0,0,4
FC(C(C=C1)=CC=C1N2C3=CC=CC=C3N(C4=CC=C(C=C4)C(F)(F)F)C5=C2C=CC=C5)(F)F,0,14,3,15,2,9
COC(C=C1)=CC=C1N2C3=C(C=CC=C3)N(C4=CC=C(C=C4)OC)C5=CC=CC=C52,0,0,0,1,0,4
C12=CC=CC=C1N(C3=CC=C(C=CC=C4)C4=C3)C5=C(C=CC=C5)N2C6=CC=C(C=CC=C7)C7=C6,0,3,0,10,0,8
FC(C(N(C1=CC=CC=C1)C2=CC=CC=C2)=C(F)C(N(C3=CC=CC=C3)C4=CC=CC=C4)=C5C#N)=C5N(C6=CC=CC=C6)C7=CC=CC=C7,36,52,46,65,5,87
N#CC1=C(N2C(C=CC=C3)=C3C4=C2C=CC=C4)C(N5C(C=CC=C6)=C6C7=C5C=CC=C7)=C(N8C(C=CC=C9)=C9C%10=C8C=CC=C%10)C(N%11C(C=CC=C%12)=C%12C%13=C%11C=CC=C%13)=C1N%14C(C=CC=C%15)=C%15C%16=C%14C=CC=C%16,42,87,54,79,17,99
O=C(C(C1=CC=C(C=C1)N(C2=CC=CC=C2)C3=CC=CC=C3)=O)C4=CC=C(C=C4)N(C5=CC=CC=C5)C6=CC=CC=C6,0,12,24,0,0,0
C1(C2=NC3=C(C=CC=C3)S2)=CC=C(N(C4=CC=CC=C4)C5=CC=CC=C5)C=C1,0,48,21,1,0,4
C12=CC=CC=C1N(C3=CC=CC=C3)C4=C(C=CC=C4)O2,0,0,10,0,0,4
C12=CC=CC=C1N(C3=CC=CC=C3)C4=C(C=CC=C4)S2,0,44,22,0,0,1
C1(C=CC=C2)=C2C=C(SC(C=CC=C3)=C3N4C5=CC=CC=C5)C4=C1,12,70,40,7,59,3
C12=CC=CC=C1C(C3=CC=CC=C3)=C4C(C=CC=C4)=C2C5=CC=CC=C5,0,0,7,0,0,2
COC(C=C1)=CC=C1C2=C3C(C=CC=C3)=C(C4=CC=C(C=C4)OC)C5=CC=CC=C52,0,4,12,0,0,2
C1(C2=C3C4=CC=CC3=CC=C2)=C(C4=CC=C5)C5=CC=C1,0,0,19,0,94,56
N#CC1=C2C(C=CC=C2)=C(C3=CC=CC=C31)C#N,0,5,2,0,0,0
O=C(N(C1=CC(C)=CC(C)=C1)C2=O)C3=CC=C4C5=C(C6=C7C4=CC=C8C7=C(C(N(C9=CC(C)=CC(C)=C9)C8=O)=O)C=C6)C=CC2=C53,0,0,0,0,0,0
O=C(N(C1=CC=CC=C1)C2=O)C3=C(C2=CC=C4C(N(C5=CC=CC=C5)C6=O)=O)C4=C6C=C3,0,0,0,9,0,0
CN(C1=CC=C(C2=CC(C3=CC=C(C=C3)N(C)C)=CC(C4=CC=C(C=C4)N(C)C)=C2)C=C1)C,0,15,5,0,0,2
C1(C2=CC(C3=CC=C(C=C3)N(C4=CC=CC=C4)C5=CC=CC=C5)=CC(C6=CC=C(C=C6)N(C7=CC=CC=C7)C8=CC=CC=C8)=C2)=CC=C(C=C1)N(C9=CC=CC=C9)C%10=CC=CC=C%10,0,36,17,0,0,2
CN(C)C1=CC=C2C(OC(C=C2C(F)(F)F)=O)=C1,0,0,4,0,0,1
O=C1OC2=C3C(N(CCC3)CCC4)=C4C=C2C=C1C#N,0,1,2,0,0,23
O=C1OC2=C3C(N(CCC3)CCC4)=C4C=C2C=C1S(=O)(C)=O,0,2,0,0,5,18
O=C1C(O)=CC(C(OC2=C3C=C(O)C(O)=C2)=C1)=C3C4=CC=CC=C4,0,0,0,0,0,0
O=C1C=CC2=NC3=C(C=C(O)C=C3)OC2=C1,0,0,1,0,0,0
O=C1C2=C(C=CC=C2)C3=C1C=CC=C3,0,0,15,2,0,6
O=C1C2=CC=CC=C2C3=C(C=CC=C3)C1=O,0,0,0,0,0,0
O=C(C1=CC=CC=C1)C2=CC(C(C3=CC=CC=C3)=O)=CC(C(C4=CC=CC=C4)=O)=C2,0,0,2,0,0,2
O=C1C2=C(C=CC(Cl)=C2)SC3=C1C=CC=C3,0,51,20,1,0,7
O=C(C1=C2C=CC=C1)C3=C(C=CC=C3)C2=O,0,0,0,0,0,0
F[B-](N(C(C)=C1)C2=C1C)(F)[N+](C(C(C)=C3)=C2C)=C3C,0,0,0,0,4,1
F[B-](N(C(C)=C1CC)C2=C1C)(F)[N+](C(C(C)=C3CC)=C2C)=C3C,0,0,0,0,3,1
F[B-](N(C(C)=C1C)C2=C1C)(F)[N+](C(C(C)=C3C)=C2C#N)=C3C,0,0,0,0,0,0
C1(C2=CC=CC=C2)=CC(C3=CC=CC=C3)=CC(C4=CC=CC=C4)=[O+]1,0,0,0,1,0,1
CC(C=C1)=CC=C1C2=CC(C3=CC=C(C=C3)C)=CC(C4=CC=C(C=C4)C)=[O+]2,0,0,0,2,0,0
COC(C=C1)=CC=C1C2=CC(C3=CC=C(C=C3)OC)=CC(C4=CC=C(C=C4)OC)=[O+]2,0,0,1,2,0,0
C[N+]1=C(C=CC=C2)C2=CC3=CC=CC=C31,0,0,0,2,0,1
C[N+]1=C(C=CC=C2)C2=C(C3=CC=CC=C3)C4=CC=CC=C41,0,0,0,2,0,1
C[N+]1=C(C=CC=C2)C2=C(C3=C(C=C(C=C3C)C)C)C4=CC=CC=C41,0,0,0,1,0,0
CC1=CC(C)=CC(C)=C1C2=C3C(C=C(C=C3)C(C)(C)C)=[N+](C4=CC=CC=C4)C5=CC(C(C)(C)C)=CC=C52,0,0,0,2,0,0
