SMILES,ABCGG,AATSC3d,ATSC3d,GGI10,ATSC4i,BCUTp-1l,Kier3,AATS8p,Kier2,VSA_EState3,Kappa3,Kappa2,PEOE_VSA6,BertzCT,EState_VSA3,Yield_CO,Yield_CS,Yield_CN
N#CC1=C(N2C(C=CC=C3)=C3C4=C2C=CC=C4)C(N5C(C=CC=C6)=C6C7=C5C=CC=C7)=C(N8C(C=CC=C9)=C9C%10=C8C=CC=C%10)C(C#N)=C1N%11C(C=CC=C%12)=C%12C%13=C%11C=CC=C%13,37.05965396,0.071791081,17.01448619,0.613447607,66.58380652,0.961240521,6.555555556,1.884441395,17.50637755,32.75126875,4.393807601,12.82850322,145.5928096,3771.186626,28.18906181,62,99,95
N#CC1=C(N2C(C=CC(C(C)(C)C)=C3)=C3C4=C2C=CC(C(C)(C)C)=C4)C(N5C(C=CC(C(C)(C)C)=C6)=C6C7=C5C=CC(C(C)(C)C)=C7)=C(N8C(C=CC(C(C)(C)C)=C9)=C9C%10=C8C=CC(C(C)(C)C)=C%10)C(C#N)=C1N%11C(C=CC(C(C)(C)C)=C%12)=C%12C%13=C%11C=CC(C(C)(C)C)=C%13,54.95065145,0.165935387,83.13362881,3.770611162,188.1083883,0.96124052,12.93711368,1.715328188,25.41167355,35.13895826,10.15099091,20.82907401,214.7006293,4972.640908,28.18906181,83,45,98
N#CC1=C(N2C(C=CC(C)=C3)=C3C4=C2C=CC(C)=C4)C(N5C(C=CC(C)=C6)=C6C7=C5C=CC(C)=C7)=C(N8C(C=CC(C)=C9)=C9C%10=C8C=CC(C)=C%10)C(C#N)=C1N%11C(C=CC(C)=C%12)=C%12C%13=C%11C=CC(C)=C%13,41.24667723,0.136698972,38.95920712,1.943075196,100.3512137,0.96124052,8.064556435,1.791678048,19.47363281,33.58407109,5.712824571,14.82870308,93.03854848,4181.991427,28.18906181,73,23,97
BrC1=CC(C2=C3C=CC(Br)=C2)=C(C=C1)N3C(C(C#N)=C(N4C(C=CC(Br)=C5)=C5C6=C4C=CC(Br)=C6)C(N7C(C=CC(Br)=C8)=C8C9=C7C=CC(Br)=C9)=C%10N%11C(C=CC(Br)=C%12)=C%12C%13=C%11C=CC(Br)=C%13)=C%10C#N,41.24667723,0.071729958,17,1.943075196,68.54054621,0.961240521,8.064556435,2.1628983,19.47363281,32.60376786,6.638304871,16.79000595,127.4395512,4216.779551,33.87644808,69,98,10
N#CC1=C(N2C(C=CC(OC)=C3)=C3C4=C2C=CC(OC)=C4)C(N5C(C=CC(OC)=C6)=C6C7=C5C=CC(OC)=C7)=C(N8C(C=CC(OC)=C9)=C9C%10=C8C=CC(OC)=C%10)C(C#N)=C1N%11C(C=CC(OC)=C%12)=C%12C%13=C%11C=CC(OC)=C%13,44.25807313,0.060520478,16.76417234,2.107956331,20.71722623,0.776048308,9.638661445,1.765189234,24.04584775,31.8149926,6.726006597,18.146321,0,4361.733941,68.74563977,33,0,33
N#CC1=C(N2C(C=CC(C3=CC=CC=C3)=C4)=C4C5=C2C=CC(C6=CC=CC=C6)=C5)C(N7C(C=CC(C8=CC=CC=C8)=C9)=C9C%10=C7C=CC(C%11=CC=CC=C%11)=C%10)=C(N%12C(C=CC(C%13=CC=CC=C%13)=C%14)=C%14C%15=C%12C=CC(C%16=CC=CC=C%16)=C%15)C(C#N)=C1N%17C(C=CC(C%18=CC=CC=C%18)=C%19)=C%19C%20=C%17C=CC(C%21=CC=CC=C%21)=C%20,55.77431667,0.039619936,17.31391201,2.571582492,44.5821932,0.96124052,14.63745543,1.908052285,34.48828125,34.94725316,10.23812875,25.90732807,291.1856193,6719.26603,33.87644808,73,36,71
N#CC1=C(C(N(C2=CC=CC=C2)C3=CC=CC=C3)=C(C(C#N)=C1N(C4=CC=CC=C4)C5=CC=CC=C5)N(C6=CC=CC=C6)C7=CC=CC=C7)N(C8=CC=CC=C8)C9=CC=CC=C9,37.48667742,0.153239817,36.93079585,0.409345985,94.77512747,0.961252028,10.83673469,1.705344422,23.828125,24.14137918,7.482431944,17.9706676,145.5928096,2675.920956,33.87644808,88,98,95
N#CC1=C(N(C2=CC=C(C=C2)C(C)(C)C)C3=CC=C(C=C3)C(C)(C)C)C(N(C4=CC=C(C=C4)C(C)(C)C)C5=CC=C(C=C5)C(C)(C)C)=C(N(C6=CC=C(C=C6)C(C)(C)C)C7=CC=C(C=C7)C(C)(C)C)C(C#N)=C1N(C8=CC=C(C=C8)C(C)(C)C)C9=CC=C(C=C9)C(C)(C)C,54.86460274,0.083339445,42.08641975,4.505254566,150.1089719,0.961252028,18.50788158,1.832575667,30.748125,26.27836827,14.73851484,25.4718754,263.2315659,3806.357764,33.87644808,49,98,28
N#CC1=C(N(C2=CC=C(C=C2)C)C3=CC=C(C=C3)C)C(N(C4=CC=C(C=C4)C)C5=CC=C(C=C5)C)=C(N(C6=CC=C(C=C6)C)C7=CC=C(C=C7)C)C(C#N)=C1N(C8=CC=C(C=C8)C)C9=CC=C(C=C9)C,41.4421499,0.126650224,36.60191484,1.863075196,76.68698727,0.961252028,12.7304405,1.748813049,25.43494898,24.76199612,9.240541093,19.78524768,141.569485,3045.624815,33.87644808,73,99,39
FC(C=C1)=CC=C1N(C2=CC=C(F)C=C2)C(C(C#N)=C(N(C3=CC=C(F)C=C3)C4=CC=C(F)C=C4)C(N(C5=CC=C(F)C=C5)C6=CC=C(F)C=C6)=C7N(C8=CC=C(F)C=C8)C9=CC=C(F)C=C9)=C7C#N,41.4421499,0.10686123,25.75355632,1.863075196,143.332448,0.545036881,12.7304405,1.689236092,25.43494898,23.91698234,9.046376159,19.44226106,0,3080.41294,0,89,97,80
ClC(C=C1)=CC=C1N(C2=CC=C(Cl)C=C2)C(C(C#N)=C(N(C3=CC=C(Cl)C=C3)C4=CC=C(Cl)C=C4)C(N(C5=CC=C(Cl)C=C5)C6=CC=C(Cl)C=C6)=C7N(C8=CC=C(Cl)C=C8)C9=CC=C(Cl)C=C9)=C7C#N,41.4421499,0.10686123,25.75355632,1.863075196,85.97053631,0.961252028,12.7304405,1.927355277,25.43494898,28.33677467,10.06447778,21.22601644,92.80751912,3080.41294,102.7423155,91,99,98
BrC(C=C1)=CC=C1N(C2=CC=C(Br)C=C2)C(C(C#N)=C(N(C3=CC=C(Br)C=C3)C4=CC=C(Br)C=C4)C(N(C5=CC=C(Br)C=C5)C6=CC=C(Br)C=C6)=C7N(C8=CC=C(Br)C=C8)C9=CC=C(Br)C=C9)=C7C#N,41.4421499,0.10686123,25.75355632,1.863075196,69.28323914,0.961252028,12.7304405,2.054997723,25.43494898,24.6563694,10.62111311,22.1867412,127.4395512,3080.41294,22.7495451,92,99,97
ClC1=C(N2C(C=CC=C3)=C3C4=C2C=CC=C4)C(C#N)=C(N5C(C=CC=C6)=C6C7=C5C=CC=C7)C(C#N)=C1N8C(C=CC=C9)=C9C%10=C8C=CC=C%10,30.32148045,0.036685775,6.750182615,0.289382716,71.50139464,0.961240521,5.370363023,1.874132759,14.25274587,29.24906218,3.644627394,10.60648018,120.7955471,2830.10668,33.21169512,31,63,50
ClC1=C(N2C(C=CC(C(C)(C)C)=C3)=C3C4=C2C=CC(C(C)(C)C)=C4)C(C#N)=C(N5C(C=CC(C(C)(C)C)=C6)=C6C7=C5C=CC(C(C)(C)C)=C7)C(C#N)=C1N8C(C=CC(C(C)(C)C)=C9)=C9C%10=C8C=CC(C(C)(C)C)=C%10,43.73220269,0.146731949,56.05160443,1.715106622,165.5132041,0.96124052,10.19567867,1.693017157,20.16260856,31.07661838,8.009791119,16.60593411,172.6264119,3685.762589,33.21169512,70,56,76
ClC1=C(N2C(C=CC(OC)=C3)=C3C4=C2C=CC(OC)=C4)C(C#N)=C(N5C(C=CC(OC)=C6)=C6C7=C5C=CC(OC)=C7)C(C#N)=C1N8C(C=CC(OC)=C9)=C9C%10=C8C=CC(OC)=C%10,35.72578267,0.028109394,6.015410246,0.971917151,37.6089122,0.776048308,7.707940195,1.729637603,19.18071447,28.58119541,5.420362783,14.62761061,11.60093989,3253.450554,51.55922982,5,0,35
N#CC1=C(C(N2C(C=CC=C3)=C3C4=C2C=CC=C4)=C(N5C(C=CC=C6)=C6C7=C5C=CC=C7)C(N8C(C=CC=C9)=C9C%10=C8C=CC=C%10)=C1N%11C(C=CC=C%12)=C%12C%13=C%11C=CC=C%13)C#N,37.09443665,0.07601049,18.01448619,0.598747067,27.85063059,0.960521359,6.555555556,1.881369091,17.50637755,32.38116278,4.393807601,12.82850322,145.5928096,3655.686626,11.37477255,51,54,63
N#CC(C(N(C1=CC=CC=C1)C2=CC=CC=C2)=C(C(N(C3=CC=CC=C3)C4=CC=CC=C4)=C5N(C6=CC=CC=C6)C7=CC=CC=C7)N(C8=CC=CC=C8)C9=CC=CC=C9)=C5C#N,37.52146012,0.157389194,37.93079585,0.409345985,55.35729676,0.960546394,10.83673469,1.698359218,23.828125,23.70588661,7.482431944,17.9706676,145.5928096,2591.170956,22.7495451,91,4,49
N#CC(C(N1C(C=CC=C2)=C2C3=C1C=CC=C3)=C4N5C(C=CC=C6)=C6C7=C5C=CC=C7)=C(N8C(C=CC=C9)=C9C%10=C8C=CC=C%10)C(N%11C(C=CC=C%12)=C%12C%13=C%11C=CC=C%13)=C4C#N,37.02487126,0.071791081,17.01448619,0.677530864,55.86604008,0.960970557,6.555555556,1.850217635,17.50637755,33.00631105,4.393807601,12.82850322,145.5928096,3402.936626,33.87644808,0,9,10
N#CC(C(N(C1=CC=CC=C1)C2=CC=CC=C2)=C(C(C#N)=C3N(C4=CC=CC=C4)C5=CC=CC=C5)N(C6=CC=CC=C6)C7=CC=CC=C7)=C3N(C8=CC=CC=C8)C9=CC=CC=C9,37.45189472,0.153239817,36.93079585,0.328129783,84.05736103,0.961020214,10.83673469,1.670857428,23.828125,24.43942555,7.482431944,17.9706676,145.5928096,2399.920956,33.87644808,93,13,98
C1(C2=CC=CC=C2)=NC(C3=CC=CC=C3)=NC(C4=CC=C(N5C(C=CC=C6)=C6C7=C5C=CC=C7)C=C4)=N1,20.46220034,-0.001830584,-0.250790003,0.258143047,21.5358858,0.970115673,5.373966942,1.438342982,11.85165278,2.499350812,3.75821272,8.846120412,97.0618731,1743.792097,17.47321349,16,0,7
CC(C1=CC(C2=C3C=CC(C(C)(C)C)=C2)=C(C=C1)N3C(C=C4)=CC=C4C5=NC(C6=CC=CC=C6)=NC(C7=CC=CC=C7)=N5)(C)C,24.87626427,0.058184426,11.81143853,0.431390674,46.27924546,0.970107914,7.176035503,1.462117023,13.72170686,2.564952664,5.418373237,10.81409604,114.338828,2016.203589,17.47321349,53,95,92
C1(C2=CC=CC=C2)=NC(C3=CC=CC=C3)=NC(C4=CC=C(C=C4)N(C5=CC=CC=C5)C6=CC=CC=C6)=N1,20.52723216,0.015016612,2.072292395,0.280583614,25.44260526,0.970116456,6.840236686,1.394329648,13.5734072,0,4.859829041,10.26194714,97.0618731,1488.370343,17.47321349,21,94,99
CC(C(C=C1)=CC=C1N(C2=CC=C(C=C2)C(C)(C)C)C(C=C3)=CC=C3C4=NC(C5=CC=CC=C5)=NC(C6=CC=CC=C6)=N4)(C)C,24.76637898,0.00893887,1.823529412,0.577492093,36.71282334,0.970108675,8.784065188,1.589309801,15.26665416,0,6.705761464,12.12554698,126.4715622,1749.112687,17.47321349,16,97,82
ClC(C=C1)=CC=C1N(C2=CC=C(Cl)C=C2)C(C=C3)=CC=C3C4=NC(C5=CC=CC=C5)=NC(C6=CC=CC=C6)=N4,21.47628922,0.001517046,0.209352325,0.346699316,24.42123681,0.970115324,7.324211779,1.575665624,13.98065036,1.367463784,5.530560494,11.07825661,83.86555047,1585.484464,27.51848012,46,98,99
BrC(C=C1)=CC=C1N(C2=CC=C(Br)C=C2)C(C=C3)=CC=C3C4=NC(C5=CC=CC=C5)=NC(C6=CC=CC=C6)=N4,21.47628922,0.001517046,0.209352325,0.346699316,22.45342498,0.970115802,7.324211779,1.679922542,13.98065036,0,5.673342127,11.314833,92.52355848,1585.484464,17.47321349,42,97,97
COC(C=C1)=CC=C1N(C2=CC=C(C=C2)OC)C(C=C3)=CC=C3C4=NC(C5=CC=CC=C5)=NC(C6=CC=CC=C6)=N4,22.17298315,-0.036236142,-5.36294896,0.412610958,8.078200567,0.776050553,7.809626825,1.452936153,15.32879819,0,5.627030187,11.71674774,60.66367068,1617.879911,17.47321349,2,32,4
C1(C2=CC=CC=C2)=NC(C3=CC=CC=C3)=NC(C4=CC=C(N(C5=CC=C(C6=CC=CC=C6)C=C5)C7=CC=C(C8=CC=CC=C8)C=C7)C=C4)=N1,25.01895845,-0.03513265,-6.604938272,0.445056627,13.54012635,0.970106566,9.039515842,1.613625529,17.88362287,0,6.486781126,13.6029903,145.5928096,2130.611284,17.47321349,38,97,85
N(C1=C2C=CC=C1)(C3=CC=CC=C3S2)C(C=C4)=CC=C4C5=NC(C6=CC=CC=C6)=NC(C7=CC=CC=C7)=N5,20.51577623,0.025379696,3.527777778,0.256096317,25.71734054,0.970116203,5.857438017,1.432425902,12.47450572,0,4.129086756,9.614786014,96.69102391,1632.227252,17.47321349,39,11,16
O=C(C1=CC=C(N2C(C=CC=C3)=C3C4=C2C=CC=C4)C=C1)C5=CC=C(N6C(C=CC=C7)=C7C8=C6C=CC=C8)C=C5,21.6584443,-0.082957732,-12.94140625,0.162440567,24.77041527,0.752745782,4.939718935,1.374999693,11.82860744,4.894784995,3.345937921,8.822691117,72.79640482,1948.431578,11.12690298,0,0,2
O=C(C1=CC=C(C=C1)N(C)C)C2=CC=C(C=C2)N(C)C,12.46254315,-0.117012195,-9.595,0.082440567,-8.488327859,0.752754616,4.25,1.252946237,7.319857313,0,2.991465685,5.780708152,0,529.8919985,11.12690298,0,0,2
O=C(C1=CC=C(C=C1)N(C2=CC=CC=C2)C3=CC=CC=C3)C4=CC=C(C=C4)N(C5=CC=CC=C5)C6=CC=CC=C6,21.80607905,-0.046833253,-7.399653979,0.082440567,37.70065862,0.752745292,7.571995465,1.293145323,15.13464123,0,5.265614183,11.54477243,72.79640482,1459.710795,11.12690298,1,9,99
O=C(C1=CC=C(N(C2=CC=C(C=C2)C(C)(C)C)C3=CC=C(C=C3)C(C)(C)C)C=C1)C4=CC=C(N(C5=CC=C(C=C5)C(C)(C)C)C6=CC=C(C=C6)C(C)(C)C)C=C4,30.06190331,-0.029191439,-8.465517241,0.642791552,67.32856924,0.752737073,11.48543401,1.659584658,18.54318418,0,8.998012508,15.26085457,131.6157829,1955.206419,11.12690298,2,81,99
O=C(C1=CC=C(N(C2=CC=C(C=C2)C)C3=CC=C(C=C3)C)C=C1)C4=CC=C(N(C5=CC=C(C=C5)C)C6=CC=C(C=C6)C)C=C4,23.65472534,-0.049869505,-9.07625,0.181205999,28.40169428,0.752743198,8.54489603,1.44439006,15.93194707,0,6.181343899,12.44570477,70.78474251,1621.958951,11.12690298,0,54,97
ClC(C=C1)=CC=C1N(C2=CC=C(C=C2)Cl)C(C=C3)=CC=C3C(C4=CC=C(N(C5=CC=C(C=C5)Cl)C6=CC=C(C=C6)Cl)C=C4)=O,23.65472534,-0.072281109,-11.42041522,0.181205999,33.76443283,0.752743952,8.54489603,1.688787451,15.93194707,2.615634965,6.621210461,13.1712221,46.40375956,1640.868809,31.21743624,1,5,99
BrC(C=C1)=CC=C1N(C2=CC=C(C=C2)Br)C(C=C3)=CC=C3C(C4=CC=C(N(C5=CC=C(C=C5)Br)C6=CC=C(C=C6)Br)C=C4)=O,23.65472534,-0.072281109,-11.42041522,0.181205999,26.27961335,0.752744462,8.54489603,1.916257092,15.93194707,0,6.9164456,13.65333883,63.71977559,1640.868809,11.12690298,1,5,99
O=C(C1=CC=C(N(C2=CC=C(C3=CC=CC=C3)C=C2)C4=CC=C(C5=CC=CC=C5)C=C4)C=C1)C6=CC=C(N(C7=CC=C(C8=CC=CC=C8)C=C7)C9=CC=C(C%10=CC=CC=C%10)C=C9)C=C6,30.37741784,-0.095647111,-24.67695473,0.37792062,7.810468713,0.752734451,11.96346939,1.711424859,23.74002549,0,8.516849768,18.21277105,169.8582779,2697.764433,11.12690298,3,96,99
N#CC(C=C(N1C(C=CC=C2)=C2C3=C1C=CC=C3)C(N4C(C=CC=C5)=C5C6=C4C=CC=C6)=C7)=C7C#N,22.02470889,-0.019036849,-2.49382716,0.114682175,1.922778152,0.960576516,4.139322917,1.671037324,10.52549428,24.46263589,2.672318976,7.599106086,72.79640482,1818.751248,11.12690298,23,4,55
N#CC(C=C(N1C(C=CC(C(C)(C)C)=C2)=C2C3=C1C=CC(C(C)(C)C)=C3)C(N4C(C=CC(C(C)(C)C)=C5)=C5C6=C4C=CC(C(C)(C)C)=C6)=C7)=C7C#N,31.11213635,0.102484713,26.95347943,1.372912968,59.51811425,0.960576516,7.476806641,1.57752742,14.42960616,25.52317777,5.6640997,11.59580905,107.3503147,2340.768291,11.12690298,82,10,99
ClC(C=C1)=CC2=C1N(C3=C2C=C(Cl)C=C3)C(C(N4C(C=CC(Cl)=C5)=C5C6=C4C=CC(Cl)=C6)=C7)=CC(C#N)=C7C#N,24.16549465,-0.010785453,-1.412894376,0.525260688,3.046497888,0.960576516,4.939718935,1.886756602,11.49306122,26.08675204,3.661234167,9.203631263,46.40375956,2016.288817,31.4653058,7,3,23
CC(C(C=C1)=CC=C1N(C2=CC=C(C=C2)C(C)(C)C)C3=C4C(C=CC=C4)=CC=C3)(C)C,18.80935425,-0.004280187,-0.676269531,0.321803898,27.33277687,1.045610817,5.566863905,1.506502272,9.70011534,2.50686962,4.3676526,7.887538198,102.2060939,1107.487442,0,0,0,1
C1(N2C(C=CC=C3)=C3OC4=C2C=CC=C4)=C(C=CC=C5)C5=CC=C1,14.41290483,0.010710271,0.996055227,0,14.22987537,0.778253894,2.919850618,1.120125969,6.9575,2.461074263,1.89820402,5.135798989,60.66367068,1003.456292,0,5,10,2
C1(N2C(C=CC(C3=CC=C(C4=CC=CC=C4)C=C3)=C5)=C5OC6=C2C=CC(C7=CC=C(C8=CC=CC=C8)C=C7)=C6)=C(C=CC=C9)C9=CC=C1,23.67097168,-0.05472004,-10.56096779,0.329558208,-17.49882359,0.778242228,7.2,1.65343498,15.539375,2.397961472,5.008635336,11.76460189,157.7255438,2258.355114,0,3,7,43
C1(N2C(C=CC=C3)=C3SC4=C2C=CC=C4)=C(C=CC=C5)C5=CC=C1,14.41290483,0.010710271,0.996055227,0,5.999533487,1.045570617,2.919850618,1.216381658,6.9575,2.541384165,2.03655968,5.42952373,72.42555563,1003.456292,0,3,2,1
C1(N2C(C=CC(C3=CC=C(C4=CC=CC=C4)C=C3)=C5)=C5SC6=C2C=CC(C7=CC=C(C8=CC=CC=C8)C=C7)=C6)=C(C=CC=C9)C9=CC=C1,23.67097168,-0.05472004,-10.56096779,0.329558208,-11.92569222,1.045558734,7.2,1.732509039,15.539375,2.478271374,5.171331212,12.07613536,169.4874287,2258.355114,0,10,90,50
FC(C(C=C1)=CC=C1C2=CC(SC3=C4C=CC(C5=CC=C(C=C5)C(F)(F)F)=C3)=C(C=C2)N4C6=C(C=CC=C7)C7=CC=C6)(F)F,23.5475994,-0.097354457,-15.08994083,0.429139884,13.87339716,0.52461082,6.817230653,1.57463361,13.13227147,2.103247799,5.089584799,10.48725377,84.55828977,1899.56884,11.12690298,11,95,19
C1(N(C2=CC=CC=C2)C3=CC=CC=C3)=CC=C(N(C4=CC=CC=C4)C5=CC=CC=C5)C=C1,18.59837593,-0.02357222,-3.040816327,0.033465973,38.43126996,1.044778082,5.991735537,1.222422602,12.109375,0,4.118667206,9.234526546,72.79640482,1055.318578,0,0,0,1
C1(N(C2=CC=CC=C2)C3=CC=CC=C3)=C(C=CC=C4)C4=C(N(C5=CC=CC=C5)C6=CC=CC=C6)C=C1,21.09746111,0.027931806,4.078043704,0.033465973,32.31188411,1.044649091,5.960625,1.273272353,12.90178571,2.388089569,4.09979954,9.810457201,97.0618731,1363.22933,0,0,4,2
CC(C(C=C1)=CC=C1N(C2=CC=C(C=C2)C(C)(C)C)C3=C4C(C=CC=C4)=C(N(C5=CC=C(C=C5)C(C)(C)C)C6=CC=C(C=C6)C(C)(C)C)C=C3)(C)C,29.65907522,0.017816755,4.953057851,0.80848893,63.81196912,1.044647973,9.765625,1.596492475,16.4643595,2.393368869,7.676621787,13.62412281,155.8812512,1852.617234,0,2,53,9
CC(C=C1)=CC=C1N(C2=CC=C(C=C2)C)C3=C4C(C=CC=C4)=C(N(C5=CC=C(C=C5)C)C6=CC=C(C=C6)C)C=C3,23.04038261,0.018540798,3.15193572,0.148148148,23.95716428,1.044647855,6.89927686,1.410944486,13.74902344,2.398839548,4.966044755,10.74422019,95.05021079,1523.302865,0,0,0,7
C1(C=CC=C2)=C2C(N(C3=CC=CC=C3)C4=CC=CC=C4)=C(C=CC=C5)C5=C1N(C6=CC=CC=C6)C7=CC=CC=C7,23.57342008,0.101916913,16.61245675,0.033465973,36.53084936,1.044518442,6.046627433,1.274624443,13.74902344,4.780623583,4.164688729,10.43427684,121.3273414,1606.188039,0,4,2,2
CC(C(C=C1)=CC=C1N(C2=CC=C(C=C2)C(C)(C)C)C3=C4C(C=CC=C4)=C(N(C5=CC=C(C=C5)C(C)(C)C)C6=CC=C(C=C6)C(C)(C)C)C7=C3C=CC=C7)(C)C,32.12556445,0.068945364,20.33888228,1.056626875,73.51504708,1.044517327,9.734693878,1.53601524,17.40234375,4.791182183,7.591953487,14.30604197,180.1467195,2109.279855,0,0,2,1
CC(C=C1)=CC=C1N(C2=CC=C(C=C2)C)C3=C4C(C=CC=C4)=C(N(C5=CC=C(C=C5)C)C6=CC=C(C=C6)C)C7=C3C=CC=C7,25.51320834,0.087860963,16.43,0.197530864,29.60570569,1.04451721,6.951557093,1.387208197,14.63194444,4.802123541,4.989552041,11.39028572,119.3156791,1771.209185,0,1,2,2
COC(C=C1)=CC=C1N(C2=CC=C(C=C2)OC)C3=C4C(C=CC=C4)=C(N(C5=CC=C(C=C5)OC)C6=CC=C(C=C6)OC)C7=C3C=CC=C7,26.92494853,0.021523363,3.93877551,0.39546985,10.87838069,0.776050459,7.869421488,1.355425733,17.21814404,4.406886915,5.580154844,13.30196462,48.53093655,1852.933791,0,0,0,2
O=[N+](C1=C(N2C(C=CC=C3)=C3C4=C2C=CC=C4)C=C(N5C(C=CC=C6)=C6C7=C5C=CC=C7)C=C1N8C(C=CC=C9)=C9C%10=C8C=CC=C%10)[O-],28.57822386,-0.01254883,-2.30898466,0.289382716,44.93048891,0.669219357,5.302962798,1.702509919,13.44672796,20.00609042,3.566226161,9.917911137,109.1946072,2648.54249,11.37477255,0,0,0
O=[N+](C(C(N(C1=CC=CC=C1)C2=CC=CC=C2)=CC(N(C3=CC=CC=C3)C4=CC=CC=C4)=C5)=C5N(C6=CC=CC=C6)C7=CC=CC=C7)[O-],28.8492081,0.05447861,10.1875,0.245281094,62.5850512,0.669219209,8.80362426,1.547952784,18.1614317,13.5365058,6.103175927,13.76760448,109.1946072,1873.489478,11.37477255,0,0,16
CC(C=C1)=CC=C1N(C2=CC=C(C)C=C2)C3=C(C(N(C4=CC=C(C)C=C4)C5=CC=C(C)C=C5)=CC(N(C6=CC=C(C)C=C6)C7=CC=C(C)C=C7)=C3)[N+]([O-])=O,31.80568141,0.040455864,9.021657643,1.104785226,46.43843296,0.669216743,10.24851367,1.614595839,19.37696052,13.82792079,7.456152023,15.13333579,106.1771138,2132.907002,11.37477255,0,0,8
BrC(C=C1)=CC=C1N(C2=CC=C(Br)C=C2)C3=C(C(N(C4=CC=C(Br)C=C4)C5=CC=C(Br)C=C5)=CC(N(C6=CC=C(Br)C=C6)C7=CC=C(Br)C=C7)=C3)[N+]([O-])=O,31.80568141,0.014582219,2.726875,1.104785226,46.23272561,0.669218178,10.24851367,1.966758748,19.37696052,13.78750413,8.537655815,16.9293809,95.57966339,2158.998096,17.06215882,0,0,5
O=C1C2=C(C=CC(N3C(C=CC=C4)=C4C5=C3C=CC=C5)=C2)C(C6=CC(N7C(C=CC=C8)=C8C9=C7C=CC=C9)=CC=C61)=O,23.11374604,-0.078167459,-12.58496094,0.157530864,5.716938282,0.751956707,4.481470842,1.582022656,11.35734072,4.596883241,3.00733475,8.383796619,72.79640482,2178.228489,22.25380597,0,0,0
O=C1C2=C(C=CC(N(C3=CC=CC=C3)C4=CC=CC=C4)=C2)C(C5=CC(N(C6=CC=CC=C6)C7=CC=CC=C7)=CC=C51)=O,23.27122488,-0.022931836,-3.737889273,0.197530864,20.1744736,0.75195671,6.497292795,1.446506868,14.18685121,0,4.452510454,10.67674309,72.79640482,1682.469453,22.25380597,0,0,0
O=S(C(C=C1)=CC=C1N(C2=CC=CC=C2)C3=CC=CC=C3)(C4=CC=C(C=C4)N(C5=CC=CC=C5)C6=CC=CC=C6)=O,22.74872677,-0.06345539,-10.27977316,0.131823283,35.97861166,0.761318724,7.458677686,1.447871154,14.85351563,0,5.486011048,11.54235079,72.79640482,1598.472159,0,0,0,2
O=S(C1=CC=C(N(C2=CC=C(C=C2)C(C)(C)C)C3=CC=C(C=C3)C(C)(C)C)C=C1)(C4=CC=C(N(C5=CC=C(C=C5)C(C)(C)C)C6=CC=C(C=C6)C(C)(C)C)C=C4)=O,31.01694188,-0.035465687,-10.42691212,0.692174268,64.7882161,0.761296397,11.34,1.734979808,18.38107639,0,9.207318649,15.32143411,131.6157829,2101.113051,0,0,0,2
O=S(C1=CC=C(N(C2=CC=C(C=C2)C)C3=CC=C(C=C3)C)C=C1)(C4=CC=C(N(C5=CC=C(C=C5)C)C6=CC=C(C=C6)C)C=C4)=O,24.60071555,-0.062770722,-11.67535437,0.296704418,26.32212834,0.761313033,8.421875,1.555714898,15.69367284,0,6.399112712,12.46644153,70.78474251,1763.218414,0,0,0,4
FC(C(C=C1)=CC=C1N2C3=CC=CC=C3N(C4=CC=C(C=C4)C(F)(F)F)C5=C2C=CC=C5)(F)F,19.96394781,-0.066365812,-7.7648,0.36282012,21.32694578,0.52461082,5.217619987,1.226956531,10.0451843,0,3.746069546,7.829226558,24.26546827,1174.244825,34.12431765,0,2,9
COC(C=C1)=CC=C1N2C3=C(C=CC=C3)N(C4=CC=C(C=C4)OC)C5=CC=CC=C52,17.38228155,-0.009120144,-1.048816568,0.131823283,22.19282977,0.776050505,4.32,1.24759901,9.868055556,0,2.937568638,7.484405783,24.26546827,1029.288138,0,0,0,4
C12=CC=CC=C1N(C3=CC=C(C=CC=C4)C4=C3)C5=C(C=CC=C5)N2C6=CC=C(C=CC=C7)C7=C6,18.88822302,-0.013333211,-1.853316327,0.057749209,6.704342409,1.037315923,4.292049757,1.49313595,10.0451843,4.989890686,2.892221024,7.498336172,84.92913896,1511.353821,0,0,0,8
FC(C(N(C1=CC=CC=C1)C2=CC=CC=C2)=C(F)C(N(C3=CC=CC=C3)C4=CC=CC=C4)=C5C#N)=C5N(C6=CC=CC=C6)C7=CC=CC=C7,29.92565481,0.101521326,18.78144528,0.220589736,43.94673782,0.545235124,8.394049587,1.610429747,18.35734072,11.04684353,5.974373716,13.96041392,109.1946072,1963.644501,34.12431765,36,5,87
N#CC1=C(N2C(C=CC=C3)=C3C4=C2C=CC=C4)C(N5C(C=CC=C6)=C6C7=C5C=CC=C7)=C(N8C(C=CC=C9)=C9C%10=C8C=CC=C%10)C(N%11C(C=CC=C%12)=C%12C%13=C%11C=CC=C%13)=C1N%14C(C=CC=C%15)=C%15C%16=C%14C=CC=C%16,43.12777514,0.086955115,25.04307307,0.992821141,54.3627451,0.961356099,7.561728395,1.940948744,20.21341056,24.07347544,5.240884226,14.95978283,181.9910121,4541.848245,5.563451492,42,17,99
O=C(C(C1=CC=C(C=C1)N(C2=CC=CC=C2)C3=CC=CC=C3)=O)C4=CC=C(C=C4)N(C5=CC=CC=C5)C6=CC=CC=C6,23.00847614,-0.046399597,-7.516734694,0.272625242,32.19367657,0.74717821,8.05785124,1.267799727,16.015625,0,5.600856401,12.19315416,72.79640482,1554.678767,11.12690298,0,0,0
C1(C2=NC3=C(C=CC=C3)S2)=CC=C(N(C4=CC=CC=C4)C5=CC=CC=C5)C=C1,16.43334256,-0.033787876,-3.480151229,0.122440567,21.05595013,1.024735182,4.541789841,1.375992563,9.42768595,1.054372428,3.168395519,7.294788172,48.53093655,1123.253472,0,0,0,4
C12=CC=CC=C1N(C3=CC=CC=C3)C4=C(C=CC=C4)O2,12.33814613,0.02266686,1.722681359,0,23.45726515,0.77825586,2.603024575,0.86687703,6.01171875,0,1.65813755,4.422633639,42.46456948,706.6299477,0,0,0,4
C12=CC=CC=C1N(C3=CC=CC=C3)C4=C(C=CC=C4)S2,12.33814613,0.02266686,1.722681359,0,16.45754906,1.045664427,2.603024575,0.899410326,6.01171875,0,1.806739255,4.728326973,54.22645443,706.6299477,0,0,0,1
C1(C=CC=C2)=C2C=C(SC(C=CC=C3)=C3N4C5=CC=CC=C5)C4=C1,14.10716759,0.013743081,1.278106509,0,8.690573231,1.045656882,3.021403092,1.3195928,6.9575,2.563245412,2.110894162,5.42952373,66.35918857,1039.956292,0,12,59,3
C12=CC=CC=C1C(C3=CC=CC=C3)=C4C(C=CC=C4)=C2C5=CC=CC=C5,15.70454029,0.052518693,5.51446281,0.016324865,7.861510808,1.299735705,3.44640999,1.120802595,8.163265306,5.208344671,2.309909893,6.163231384,109.1946072,1047.951692,0,0,0,2
COC(C=C1)=CC=C1C2=C3C(C=CC=C3)=C(C4=CC=C(C=C4)OC)C5=CC=CC=C52,17.38228155,-0.009120144,-1.048816568,0.131823283,-2.215996859,0.776050537,4.32,1.255347146,9.868055556,4.971055157,2.977969303,7.565817886,72.79640482,1171.104021,0,0,0,2
C1(C2=C3C4=CC=CC3=CC=C2)=C(C4=CC=C5)C5=CC=C1,11.93473658,-0.024498457,-1.984375,0,-9.225415162,1.283333765,1.756377551,0.779078607,4.75,10.8842706,1.119858604,3.486521568,72.79640482,917.0049697,0,0,94,56
N#CC1=C2C(C=CC=C2)=C(C3=CC=CC=C31)C#N,11.68033247,-0.079330057,-4.680473373,0,-19.6395201,0.961064615,2.176870748,0.712185467,5.551020408,22.09994331,1.268930023,3.873947746,48.53093655,719.4600971,11.12690298,0,0,0
O=C(N(C1=CC(C)=CC(C)=C1)C2=O)C3=CC=C4C5=C(C6=C7C4=CC=C8C7=C(C(N(C9=CC(C)=CC(C)=C9)C8=O)=O)C=C6)C=CC2=C53,24.31732947,0.03954795,7.158179012,0.429343944,7.628684809,0.749600102,4.777777778,1.539647101,11.77934018,6.394885556,3.302181218,8.855697004,36.39820241,2272.7977,44.40102695,0,0,0
O=C(N(C1=CC=CC=C1)C2=O)C3=C(C2=CC=C4C(N(C5=CC=CC=C5)C6=O)=O)C4=C6C=C3,18.56977609,-0.007694093,-0.877126654,0.165289256,3.722224702,0.749590792,3.528934559,1.461166467,8.896683673,0.715912593,2.286676188,6.45683608,36.39820241,1308.308282,22.14722098,0,0,0
CN(C1=CC=C(C2=CC(C3=CC=C(C=C3)N(C)C)=CC(C4=CC=C(C=C4)N(C)C)=C2)C=C1)C,18.78112773,-0.064652204,-9.309917355,0.297520661,-5.175922724,1.043208065,6.611570248,1.451711846,11.82314494,0,5.035387751,9.414845583,36.39820241,1034.970124,0,0,0,2
C1(C2=CC(C3=CC=C(C=C3)N(C4=CC=CC=C4)C5=CC=CC=C5)=CC(C6=CC=C(C=C6)N(C7=CC=CC=C7)C8=CC=CC=C8)=C2)=CC=C(C=C1)N(C9=CC=CC=C9)C%10=CC=CC=C%10,31.90738385,-0.033430233,-8.625,0.792164065,51.5324774,1.045305138,11.72022684,1.410700292,23.53861851,0,8.496776406,18.06674366,145.5928096,2530.225259,0,0,0,2
CN(C)C1=CC=C2C(OC(C=C2C(F)(F)F)=O)=C1,12.13408585,-0.045918367,-2.571428571,0,-56.4996454,0.52699055,3.134693878,0.93766801,5.174791914,-0.11787037,2.179795965,4.043852168,0,643.7930735,11.75375334,0,0,1
O=C1OC2=C3C(N(CCC3)CCC4)=C4C=C2C=C1C#N,12.20462396,-0.018478981,-1.737024221,0,20.19360772,0.720438416,2.2032,1.028584395,5.325259516,9.865466427,1.495778518,4.106529994,0,811.8073963,5.583020142,0,0,23
O=C1OC2=C3C(N(CCC3)CCC4)=C4C=C2C=C1S(=O)(C)=O,13.65602356,-0.019656276,-2.103221565,0,12.51424526,0.720441834,2.606310014,1.202249889,5.522682446,0.719930556,1.970752328,4.585826184,0,940.7526363,5.583020142,0,5,18
O=C1C(O)=CC(C(OC2=C3C=C(O)C(O)=C2)=C1)=C3C4=CC=CC=C4,14.98833942,0.017615176,1.444444444,0,11.14856346,0.750214951,3.241071429,0.927218297,6.9575,29.97948239,2.063594919,5.025204471,30.33183534,1096.19249,22.09614734,0,0,0
O=C1C=CC2=NC3=C(C=C(O)C=C3)OC2=C1,10.00912414,-0.004282242,-0.209829868,0,10.59834308,0.750472265,2.204152249,0.817234525,4.349112426,9.30740599,1.316325476,3.064489165,0,702.198677,22.55389627,0,0,0
O=C1C2=C(C=CC=C2)C3=C1C=CC=C3,9.598332058,-0.152470906,-7.47107438,0,-11.03626226,0.752763283,1.370242215,0.444612905,3.538752363,0,0.813780536,2.548237506,48.53093655,478.7637017,0,0,0,6
O=C1C2=CC=CC=C2C3=C(C=CC=C3)C1=O,10.48918255,-0.087373737,-4.805555556,0,-13.6098394,0.747175743,1.764542936,0.66759004,4.349112426,0,1.069306335,3.136156554,48.53093655,556.137336,11.12690298,0,0,0
O=C(C1=CC=CC=C1)C2=CC(C(C3=CC=CC=C3)=O)=CC(C(C4=CC=CC=C4)=O)=C2,18.2464144,-0.006944444,-0.75,0.048974594,16.70386172,0.752169639,5.88,1.501146051,11.22765432,0,4.007186134,8.496165723,90.99550603,1042.801253,33.38070895,0,0,2
O=C1C2=C(C=CC(Cl)=C2)SC3=C1C=CC=C3,10.2528507,-0.052040476,-2.654064272,0,-13.29633784,0.751254874,1.966049383,1.166690203,4.349112426,2.074581286,1.421731167,3.578654076,23.73367403,745.5869718,10.40885753,0,0,7
O=C(C1=C2C=CC=C1)C3=C(C=CC=C3)C2=O,10.46699847,-0.105555556,-5.805555556,0,-11.78766332,0.75195674,1.764542936,0.712185467,4.349112426,0,1.069306335,3.136156554,48.53093655,506.137336,22.25380597,0,0,0
F[B-](N(C(C)=C1)C2=C1C)(F)[N+](C(C(C)=C3)=C2C)=C3C,14.27278071,-0.198242344,-15.26466049,0,-95.81713874,0.5481242,1.704142012,0.631291437,4.246530612,0,1.329129227,3.465968357,0,705.2733255,22.79658031,0,4,1
F[B-](N(C(C)=C1CC)C2=C1C)(F)[N+](C(C(C)=C3CC)=C2C)=C3C,16.67401718,-0.147962909,-15.83203125,0,-104.3329945,0.54811861,2.1484375,0.97778562,5.771564545,0,1.763736747,4.923282519,13.8474744,822.5648829,11.405613,0,3,1
F[B-](N(C(C)=C1C)C2=C1C)(F)[N+](C(C(C)=C3C)=C2C#N)=C3C,16.30087715,-0.212205882,-18.0375,0,-104.82349,0.548119213,1.97710718,0.943619562,5.25,9.652305367,1.413835409,4.189952123,0,876.1827588,28.36968484,0,0,0
C1(C2=CC=CC=C2)=CC(C3=CC=CC=C3)=CC(C4=CC=CC=C4)=[O+]1,14.41298981,0.012065799,1.11005354,0,-0.488743122,0.751137099,4.411458333,1.405734792,8.589506173,0,2.971438504,6.511028643,66.73003775,789.7009753,0,0,0,1
CC(C=C1)=CC=C1C2=CC(C3=CC=C(C=C3)C)=CC(C4=CC=C(C=C4)C)=[O+]2,15.89351701,-0.007854545,-0.864,0.099173554,-6.796442419,0.751135794,5.135802469,1.38569236,9.212018141,0,3.826229853,7.203595713,65.22129102,902.8228621,0,0,0,0
COC(C=C1)=CC=C1C2=CC(C3=CC=C(C=C3)OC)=CC(C4=CC=C(C=C4)OC)=[O+]2,16.98100873,-0.085619321,-9.161267355,0.099173554,-22.19532541,0.751102588,5.88,1.40819892,11.22765432,0,4.127792901,8.700760124,12.13273414,956.6427114,0,0,0,0
C[N+]1=C(C=CC=C2)C2=CC3=CC=CC=C31,9.625522259,-0.152645663,-9.31138546,0,-7.71215055,1.005821557,1.743944637,0.712185467,4.107638889,2.580925926,1.200510169,3.057699314,24.26546827,586.9571121,0,0,0,1
C[N+]1=C(C=CC=C2)C2=C(C3=CC=CC=C3)C4=CC=CC=C41,13.15794358,-0.041033176,-3.528853178,0,-1.581640471,1.005809152,2.592,0.893781871,6.24567474,2.592407407,1.818066914,4.708148391,54.59730362,882.6461584,0,0,0,1
C[N+]1=C(C=CC=C2)C2=C(C3=C(C=C(C=C3C)C)C)C4=CC=CC=C41,15.33359826,-0.03955213,-4.11342155,0,4.840892466,1.00580867,3.021403092,0.997754597,6.9575,2.627320484,2.121462911,5.45111202,41.9616539,1009.827411,0,0,0,0
CC1=CC(C)=CC(C)=C1C2=C3C(C=C(C=C3)C(C)(C)C)=[N+](C4=CC=CC=C4)C5=CC(C(C)(C)C)=CC=C52,22.96616277,0.089703466,16.95395514,0.247321702,46.75007509,1.007013444,5.626825311,1.41615173,10.76660156,2.588731104,4.457991816,8.837337174,89.57044417,1542.952109,0,0,0,0
